"","par_name","par.est","par.se","tstat","category","format","brand"
"1","constant","-0.150090419509617","0.0990599314508555",-1.51514762135766,"Bottled water","hypermarket","ICA"
"2","price_elas","-0.8582104418151","0.449254830140891",-1.91029764008537,"Bottled water","hypermarket","ICA"
"3","compprice","0.151740453875985","0.204475686705176",0.742095338184498,"Bottled water","hypermarket","ICA"
"4","campaign","0.158750268632366","0.0899010830518339",1.76583266011196,"Bottled water","hypermarket","ICA"
"5","ethat","-0.769791257106124","0.0849704547982976",-9.05951673359229,"Bottled water","hypermarket","ICA"
"6","holiday","0.0573761641852593","0.0627813799002172",0.913904158788023,"Bottled water","hypermarket","ICA"
"7","cop_price","0.0261415494035572","0.0611161354723615",0.427735641357415,"Bottled water","hypermarket","ICA"
"8","cop_compprice","0.0303895487217012","0.0466205952806124",0.651848148630118,"Bottled water","hypermarket","ICA"
"9","constant","-0.126133569507293","0.0701433698507836",-1.79822511772129,"Bottled water","supermarket","ICA"
"10","price_elas","-0.451979886616818","0.1506880581033",-2.99944064782477,"Bottled water","supermarket","ICA"
"11","cgap_gain_slope","4.77549448127792","3.17490274491456",1.50413882407174,"Bottled water","supermarket","ICA"
"12","cgap_gain_threshold","-0.731194380843644","1.22705531762392",-0.595893575735065,"Bottled water","supermarket","ICA"
"13","cgap_loss_slope","-0.149057911005045","0.29678067787828",-0.502249378465868,"Bottled water","supermarket","ICA"
"14","cgap_loss_threshold","-0.0173760985481113","0.0616248659430273",-0.281965701380603,"Bottled water","supermarket","ICA"
"15","compprice","-0.177012365781224","0.204102565829102",-0.867271634054023,"Bottled water","supermarket","ICA"
"16","campaign","0.163223225769387","0.0654559645716518",2.49363410710591,"Bottled water","supermarket","ICA"
"17","ethat","-0.714898542385115","0.0755426676620324",-9.46350671098185,"Bottled water","supermarket","ICA"
"18","holiday","0.170788516408905","0.0751957430463825",2.27125246044259,"Bottled water","supermarket","ICA"
"19","cop_price","0.0648440112101645","0.048534557202217",1.33603796857556,"Bottled water","supermarket","ICA"
"20","cop_compprice","0.103289526098116","0.0573210314958007",1.80194814019847,"Bottled water","supermarket","ICA"
"21","model_SE","0.131035471991646","0.0150287504161838",8.7189865000712,"Bottled water","supermarket","ICA"
"22","constant","-0.494904598656973","0.104471918199057",-4.7372021801495,"Bottled water","convenience","ICA"
"23","price_elas","-0.731882320913808","0.147533549425606",-4.96078569087,"Bottled water","convenience","ICA"
"24","compprice","0.720665371377497","0.466764468441125",1.54395936302593,"Bottled water","convenience","ICA"
"25","campaign","0.496592952161835","0.11162846431342",4.44862298533058,"Bottled water","convenience","ICA"
"26","ethat","-1.00694159321925","0.0783789304358599",-12.847095356108,"Bottled water","convenience","ICA"
"27","holiday","0.177472914052961","0.0989569363859242",1.79343581697831,"Bottled water","convenience","ICA"
"28","cop_price","0.0790685281970667","0.0486058622714022",1.62672822787443,"Bottled water","convenience","ICA"
"29","cop_compprice","-0.0664056352127946","0.0684951998788241",-0.969493268583402,"Bottled water","convenience","ICA"
"30","constant","-0.401719979234874","0.176324052386023",-2.27830505140272,"Bottled water","hypermarket","Loka"
"31","price_elas","-0.585049443418249","0.140862695814117",-4.15333129922689,"Bottled water","hypermarket","Loka"
"32","compprice","0.540924217856716","0.220453915552929",2.4536838753805,"Bottled water","hypermarket","Loka"
"33","campaign","0.382137078328418","0.163428706404776",2.33824942224012,"Bottled water","hypermarket","Loka"
"34","ethat","-0.593982714722064","0.0798238712422819",-7.44116647661956,"Bottled water","hypermarket","Loka"
"35","holiday","-0.0124129301540383","0.0563460013613444",-0.220298332696844,"Bottled water","hypermarket","Loka"
"36","cop_price","-0.0400205210180482","0.0380208473186905",-1.05259413822623,"Bottled water","hypermarket","Loka"
"37","cop_compprice","-0.0681058470222554","0.051487452518103",-1.32276591074902,"Bottled water","hypermarket","Loka"
"38","constant","-0.0859875792902057","0.112611700230384",-0.763575890553913,"Bottled water","supermarket","Loka"
"39","price_elas","-0.195084264731254","0.185949311361149",-1.04912604033453,"Bottled water","supermarket","Loka"
"40","hgap_gain_slope","0.448318014695309","0.218038100415939",2.05614529680858,"Bottled water","supermarket","Loka"
"41","hgap_gain_threshold","-0.230935755866631","0.0277617912059825",-8.31847463130786,"Bottled water","supermarket","Loka"
"42","hgap_loss_slope","-1.54731732446826","0.305993410929432",-5.05670144912075,"Bottled water","supermarket","Loka"
"43","hgap_loss_threshold","0.526578737051329","0.0162150340493946",32.4747228681268,"Bottled water","supermarket","Loka"
"44","cgap_gain_slope","-0.183193604927611","0.208502275317795",-0.878616814365172,"Bottled water","supermarket","Loka"
"45","cgap_gain_threshold","0.601768636855173","0.0350506215626025",17.168558217445,"Bottled water","supermarket","Loka"
"46","cgap_loss_slope","0.812782148601859","3.42003179115129",0.237653389861692,"Bottled water","supermarket","Loka"
"47","cgap_loss_threshold","1.98650252379657","1.38394317006547",1.43539313373872,"Bottled water","supermarket","Loka"
"48","campaign","0.138793138007429","0.103783080676837",1.33733877528272,"Bottled water","supermarket","Loka"
"49","ethat","-0.451176497184053","0.0644191183225042",-7.00376703272014,"Bottled water","supermarket","Loka"
"50","holiday","0.0790965203924124","0.0457398538039012",1.72926919993055,"Bottled water","supermarket","Loka"
"51","cop_price","-0.0410584747159741","0.0379036693215293",-1.08323218967755,"Bottled water","supermarket","Loka"
"52","cop_compprice","-0.00253570541749797","0.0305823769912687",-0.0829139415233131,"Bottled water","supermarket","Loka"
"53","model_SE","0.0489595218753067","0.00560984811153794",8.7274237914945,"Bottled water","supermarket","Loka"
"54","constant","-0.15627689495026","0.0838229818800554",-1.8643681177303,"Bottled water","convenience","Loka"
"55","price_elas","-0.8822367917621","0.297544089560315",-2.96506239820053,"Bottled water","convenience","Loka"
"56","compprice","0.190869760461883","0.24741634780092",0.771451693303078,"Bottled water","convenience","Loka"
"57","campaign","0.280133014139926","0.0807904718496022",3.46740163445778,"Bottled water","convenience","Loka"
"58","ethat","-0.616841917803173","0.0721527992587555",-8.54910584398874,"Bottled water","convenience","Loka"
"59","holiday","-0.0733191994827182","0.0816576304311824",-0.897885465149623,"Bottled water","convenience","Loka"
"60","cop_price","-0.0375597796757261","0.0686101071162626",-0.547437997904296,"Bottled water","convenience","Loka"
"61","cop_compprice","-0.0837313497818704","0.0585852438828446",-1.42922251803392,"Bottled water","convenience","Loka"
"62","constant","-0.351832059867635","0.113224366734778",-3.10738818872604,"Bottled water","hypermarket","Ramlösa"
"63","price_elas","-1.09928131620812","0.262652947977218",-4.18529974505929,"Bottled water","hypermarket","Ramlösa"
"64","compprice","-0.190588680997079","0.222779152175516",-0.855505010841069,"Bottled water","hypermarket","Ramlösa"
"65","campaign","0.259349561221887","0.120700266413908",2.14870744636569,"Bottled water","hypermarket","Ramlösa"
"66","ethat","-0.914341621050359","0.0814560464000629",-11.2249693111751,"Bottled water","hypermarket","Ramlösa"
"67","holiday","0.301104833115025","0.08134680325341",3.70149558522944,"Bottled water","hypermarket","Ramlösa"
"68","cop_price","-0.0405536820551983","0.0919974894091782",-0.440812921261658,"Bottled water","hypermarket","Ramlösa"
"69","cop_compprice","0.0865915041362566","0.044780912546143",1.93366993240773,"Bottled water","hypermarket","Ramlösa"
"70","constant","-0.193940325936095","0.124643793978192",-1.55595653619166,"Bottled water","supermarket","Ramlösa"
"71","price_elas","-1.55825953700152","0.288790170019203",-5.39581917520913,"Bottled water","supermarket","Ramlösa"
"72","hgap_gain_slope","0.92517815694877","0.515331645312425",1.79530631461196,"Bottled water","supermarket","Ramlösa"
"73","hgap_gain_threshold","-0.296907092969171","0.0379133573265285",-7.83120023932623,"Bottled water","supermarket","Ramlösa"
"74","hgap_loss_slope","0.824949487014365","0.432238774384563",1.90855040293171,"Bottled water","supermarket","Ramlösa"
"75","hgap_loss_threshold","0.299879845759296","0.0415788557888532",7.2123159733436,"Bottled water","supermarket","Ramlösa"
"76","compprice","-0.0871711110065228","0.160016377178431",-0.5447636832155,"Bottled water","supermarket","Ramlösa"
"77","campaign","0.171605331686876","0.125486675319524",1.36751835403975,"Bottled water","supermarket","Ramlösa"
"78","ethat","-0.91489187522829","0.0800467565775879",-11.4294684050253,"Bottled water","supermarket","Ramlösa"
"79","holiday","0.174800614553786","0.0698314370658122",2.50317939739728,"Bottled water","supermarket","Ramlösa"
"80","cop_price","0.0943687725919054","0.0975136231305981",0.967749628844363,"Bottled water","supermarket","Ramlösa"
"81","cop_compprice","0.00448707149481326","0.0417784625488751",0.107401546659693,"Bottled water","supermarket","Ramlösa"
"82","model_SE","0.112302233371488","0.0128796095721882",8.71938180595083,"Bottled water","supermarket","Ramlösa"
"83","constant","-0.252471172216338","0.0877501229048917",-2.87716032591749,"Bottled water","convenience","Ramlösa"
"84","price_elas","-0.361929040186197","0.48205867275386",-0.750798731861004,"Bottled water","convenience","Ramlösa"
"85","compprice","0.125167942766988","0.238480678756809",0.524855696568309,"Bottled water","convenience","Ramlösa"
"86","campaign","0.348805028757676","0.0803850992466247",4.33917519573532,"Bottled water","convenience","Ramlösa"
"87","ethat","-0.68805986320323","0.0836807756595879",-8.22243648890453,"Bottled water","convenience","Ramlösa"
"88","holiday","0.00682438267228317","0.0951472194700154",0.0717244572179411,"Bottled water","convenience","Ramlösa"
"89","cop_price","0.0745079444959991","0.085168975130462",0.87482495100907,"Bottled water","convenience","Ramlösa"
"90","cop_compprice","0.0128021633165349","0.0431881456188227",0.29642771489951,"Bottled water","convenience","Ramlösa"
"91","constant","0.165326211190203","0.141604362125405",1.16752202198256,"Butter","hypermarket","Becel"
"92","price_elas","-1.49572317407441","0.165259255100696",-9.05076797764236,"Butter","hypermarket","Becel"
"93","compprice","0.0777044380807786","0.448262295179698",0.173345915809468,"Butter","hypermarket","Becel"
"94","campaign","-0.159075673637275","0.142546087967387",-1.11595958826783,"Butter","hypermarket","Becel"
"95","ethat","-0.919271039826167","0.0839434059946934",-10.9510810162299,"Butter","hypermarket","Becel"
"96","holiday","-0.0320326591060362","0.0487236125402426",-0.657436044578576,"Butter","hypermarket","Becel"
"97","cop_price","-0.0754856243015045","0.0471381771127247",-1.60136918576615,"Butter","hypermarket","Becel"
"98","cop_compprice","0.0245460144101575","0.034587537979804",0.709677989352412,"Butter","hypermarket","Becel"
"99","constant","-0.147628399467192","0.0883245872248723",-1.67143039221155,"Butter","supermarket","Becel"
"100","price_elas","-1.49222225360399","NaN",NA,"Butter","supermarket","Becel"
"101","cgap_gain_slope","-0.841839614197528","NaN",NA,"Butter","supermarket","Becel"
"102","cgap_gain_threshold","-0.290340573319889","0.00590719997436818",-49.1502868668236,"Butter","supermarket","Becel"
"103","cgap_loss_slope","0.34278268218061","NaN",NA,"Butter","supermarket","Becel"
"104","cgap_loss_threshold","-0.290336384628642","0.0214022785937935",-13.5656763533971,"Butter","supermarket","Becel"
"105","compprice","0.596012089805132","0.42704940347793",1.39565138120122,"Butter","supermarket","Becel"
"106","campaign","0.065034336978007","0.0790262665959307",0.82294583534528,"Butter","supermarket","Becel"
"107","ethat","-0.902407312050633","0.0817858244021591",-11.0337863394675,"Butter","supermarket","Becel"
"108","holiday","-0.0593756425819522","0.0553346350269886",-1.0730285390514,"Butter","supermarket","Becel"
"109","cop_price","0.187938017331083","0.091809506987262",2.04704309497227,"Butter","supermarket","Becel"
"110","cop_compprice","-0.0475217096142907","0.0326785736488217",-1.45421615168948,"Butter","supermarket","Becel"
"111","model_SE","0.070828894403454","0.00812023302072364",8.72251993541215,"Butter","supermarket","Becel"
"112","constant","-0.0700303790684274","0.0695361841276411",-1.00710701841043,"Butter","convenience","Becel"
"113","price_elas","-0.116016037836506","0.86216241391209",-0.134564017132317,"Butter","convenience","Becel"
"114","hgap_gain_slope","-3.1548121615452","0.952795490358984",-3.31111155905719,"Butter","convenience","Becel"
"115","hgap_gain_threshold","-0.51477213371299","0.0311853122935033",-16.5068776245743,"Butter","convenience","Becel"
"116","hgap_loss_slope","0.23972439293867","0.942199288672827",0.254430666442493,"Butter","convenience","Becel"
"117","hgap_loss_threshold","-0.140803211663561","0.0623983873122583",-2.25652004368228,"Butter","convenience","Becel"
"118","cgap_gain_slope","1.20881672207692","0.850710495562166",1.42094958083021,"Butter","convenience","Becel"
"119","cgap_gain_threshold","-0.128848318263327","0.0497856575411978",-2.58806099239936,"Butter","convenience","Becel"
"120","cgap_loss_slope","-2.65119029329186","1.37331248765402",-1.93050767187066,"Butter","convenience","Becel"
"121","cgap_loss_threshold","0.286558688821483","1.87100512091179",0.153157618661052,"Butter","convenience","Becel"
"122","campaign","0.281731299305083","0.0896194114957",3.14364147904052,"Butter","convenience","Becel"
"123","ethat","-0.961213061025578","0.0783062127375542",-12.2750549084415,"Butter","convenience","Becel"
"124","holiday","-0.100290477385927","0.104659979407659",-0.958250497979629,"Butter","convenience","Becel"
"125","cop_price","0.165757075207435","0.190163707956871",0.871654623210379,"Butter","convenience","Becel"
"126","cop_compprice","0.0182942189764191","0.0545885140441634",0.335129455284653,"Butter","convenience","Becel"
"127","model_SE","0.246831270573155","0.0283123933408059",8.71813511496408,"Butter","convenience","Becel"
"128","constant","-0.106104599041041","0.127442848259121",-0.832566130547441,"Butter","hypermarket","ICA"
"129","price_elas","1.28836951161059","0.249290515644684",5.16814491830453,"Butter","hypermarket","ICA"
"130","hgap_gain_slope","-2.7454384412115","0.529242448836462",-5.1874872230059,"Butter","hypermarket","ICA"
"131","hgap_gain_threshold","-0.25730099117596","0.0195037050524153",-13.1924160299018,"Butter","hypermarket","ICA"
"132","hgap_loss_slope","-0.620419812638723","0.45748277692844",-1.35615993416025,"Butter","hypermarket","ICA"
"133","hgap_loss_threshold","0.22077945058514","0.0367757935070821",6.00339053303156,"Butter","hypermarket","ICA"
"134","compprice","0.0118196807569925","0.387060392338544",0.0305370453576515,"Butter","hypermarket","ICA"
"135","campaign","0.195707807167456","0.118454720269468",1.65217398447481,"Butter","hypermarket","ICA"
"136","ethat","-0.900578690112637","0.0753910475554819",-11.9454327710446,"Butter","hypermarket","ICA"
"137","holiday","-0.0403071802947334","0.0467526875845178",-0.862136111894478,"Butter","hypermarket","ICA"
"138","cop_price","0.19660484420466","0.102788060499464",1.91272063359621,"Butter","hypermarket","ICA"
"139","cop_compprice","0.0200981473287649","0.024782519090864",0.810980806877458,"Butter","hypermarket","ICA"
"140","model_SE","0.0493105016613912","0.00564817573267113",8.73034126331465,"Butter","hypermarket","ICA"
"141","constant","-0.198513676314448","0.218965726951717",-0.906597023552554,"Butter","supermarket","Kronjäst"
"142","price_elas","-1.46688223257991","0.107497898226861",-13.6456829089275,"Butter","supermarket","Kronjäst"
"143","compprice","0.283371889405087","0.739892282744535",0.382990735291839,"Butter","supermarket","Kronjäst"
"144","campaign","0.352609720144742","0.131480823946921",2.6818338184973,"Butter","supermarket","Kronjäst"
"145","ethat","-1.00684235097483","0.0832617773827486",-12.0924916885505,"Butter","supermarket","Kronjäst"
"146","holiday","-0.114591430659135","0.0950066465043941",-1.2061412003826,"Butter","supermarket","Kronjäst"
"147","cop_price","0.0537342560085104","0.0953507132815115",0.563543304074365,"Butter","supermarket","Kronjäst"
"148","cop_compprice","-0.00353704011425814","0.0512874832102756",-0.0689649772783057,"Butter","supermarket","Kronjäst"
"149","constant","-0.787057267324464","0.207269458440568",-3.79726599975723,"Butter","hypermarket","Valio"
"150","price_elas","-5.46196036248925","0.668673929749177",-8.16834651313243,"Butter","hypermarket","Valio"
"151","hgap_gain_slope","4.81543874391729","1.18926964579817",4.04907226963271,"Butter","hypermarket","Valio"
"152","hgap_gain_threshold","-0.353245383093443","0.0355269192685585",-9.94303447543978,"Butter","hypermarket","Valio"
"153","hgap_loss_slope","2.4275427821892","1.13588604584853",2.13713584303765,"Butter","hypermarket","Valio"
"154","hgap_loss_threshold","0.368172456182091","0.312090000168101",1.17969962505618,"Butter","hypermarket","Valio"
"155","compprice","2.69969249991069","1.35316112886075",1.99510054074906,"Butter","hypermarket","Valio"
"156","campaign","0.792862178655125","0.162618157845828",4.87560669213094,"Butter","hypermarket","Valio"
"157","ethat","-0.878847946240744","0.0737495260839643",-11.9166588981219,"Butter","hypermarket","Valio"
"158","holiday","0.201836230046598","0.143904459579572",1.40257105746603,"Butter","hypermarket","Valio"
"159","cop_price","0.237402066132196","0.207837887925028",1.14224633680762,"Butter","hypermarket","Valio"
"160","cop_compprice","0.0589928124611629","0.110646972343265",0.533162464474372,"Butter","hypermarket","Valio"
"161","model_SE","0.477701275889179","0.0547956650792709",8.71786618883275,"Butter","hypermarket","Valio"
"162","constant","-0.353622111875246","0.120870059590338",-2.9256385996149,"Butter","supermarket","Bregott"
"163","price_elas","-1.43439670541645","0.319018528142522",-4.49628024355887,"Butter","supermarket","Bregott"
"164","compprice","-0.123930331831183","0.255373727478032",-0.48529006117845,"Butter","supermarket","Bregott"
"165","campaign","0.178666834205177","0.0701010097914139",2.54870557124358,"Butter","supermarket","Bregott"
"166","ethat","-0.917331772456285","0.0841841513534733",-10.8967276822045,"Butter","supermarket","Bregott"
"167","holiday","0.105453351712782","0.0485793142611796",2.1707459917163,"Butter","supermarket","Bregott"
"168","cop_price","0.171800575068033","0.0974879360981721",1.76227523059906,"Butter","supermarket","Bregott"
"169","cop_compprice","-0.00987045508084841","0.0294812623187782",-0.334804357225959,"Butter","supermarket","Bregott"
"170","constant","-0.152016715443146","0.0856130932180838",-1.77562461218299,"Butter","convenience","Bregott"
"171","price_elas","-1.23926938808396","0.276591174347904",-4.48050951374599,"Butter","convenience","Bregott"
"172","compprice","-0.111515131641019","0.262147846905492",-0.425390225238897,"Butter","convenience","Bregott"
"173","campaign","0.121734381391081","0.0414162348447018",2.93929136358116,"Butter","convenience","Bregott"
"174","ethat","-0.840361102476732","0.0802956258984899",-10.4658391173029,"Butter","convenience","Bregott"
"175","holiday","0.0240891574156706","0.0493434198219001",0.488193917296731,"Butter","convenience","Bregott"
"176","cop_price","0.13274409689702","0.0875952026421874",1.51542656324752,"Butter","convenience","Bregott"
"177","cop_compprice","0.0214594263748336","0.0348492547331555",0.615778631111361,"Butter","convenience","Bregott"
"178","constant","-0.374755363388172","0.10769403751191",-3.47981533654291,"Butter","hypermarket","Flora"
"179","price_elas","-3.21482678760362","0.326661048311622",-9.84147575665893,"Butter","hypermarket","Flora"
"180","compprice","0.77407137081991","0.666981358415256",1.16055922861038,"Butter","hypermarket","Flora"
"181","campaign","0.401715605888501","0.110675380163874",3.6296745065948,"Butter","hypermarket","Flora"
"182","ethat","-0.609196118249028","0.0724338498617017",-8.41037884100002,"Butter","hypermarket","Flora"
"183","holiday","0.0215374848563055","0.0697671838853248",0.308705091088474,"Butter","hypermarket","Flora"
"184","cop_price","0.114852823998311","0.145261896810833",0.790660362557965,"Butter","hypermarket","Flora"
"185","cop_compprice","0.0358966057696588","0.0534775844940056",0.671245833358134,"Butter","hypermarket","Flora"
"186","constant","-0.222877303095696","0.0776842063555751",-2.86901692830001,"Butter","supermarket","Flora"
"187","price_elas","-2.37305424780522","0.498908353704572",-4.75649331221746,"Butter","supermarket","Flora"
"188","compprice","-0.475620205527454","0.532500019709115",-0.893183451499716,"Butter","supermarket","Flora"
"189","campaign","0.260038514460844","0.0747576770237275",3.47841887032297,"Butter","supermarket","Flora"
"190","ethat","-0.617958518426896","0.0819720107029888",-7.53865268312083,"Butter","supermarket","Flora"
"191","holiday","0.00316710536526012","0.0653813182131828",0.0484405247831412,"Butter","supermarket","Flora"
"192","cop_price","0.0709136870404031","0.146166781545398",0.485155972449034,"Butter","supermarket","Flora"
"193","cop_compprice","0.0834798803386235","0.0421167296204307",1.98210737374365,"Butter","supermarket","Flora"
"194","constant","0.000428320070435001","0.169189290579054",0.00253160273306346,"Butter","convenience","Svenskt smör"
"195","price_elas","-0.149801058623264","0.61654615609127",-0.242968117055438,"Butter","convenience","Svenskt smör"
"196","hgap_gain_slope","2.05247291028463","0.975495891414258",2.10403029715378,"Butter","convenience","Svenskt smör"
"197","hgap_gain_threshold","-0.106346465709697","0.0206487289397259",-5.15026692539404,"Butter","convenience","Svenskt smör"
"198","hgap_loss_slope","-0.395897023279557","NaN",NA,"Butter","convenience","Svenskt smör"
"199","hgap_loss_threshold","0.490596958603332","NaN",NA,"Butter","convenience","Svenskt smör"
"200","compprice","-0.698863593159543","0.687505543239538",-1.01652066667926,"Butter","convenience","Svenskt smör"
"201","campaign","0.331255926215104","0.0856284847220467",3.8685249107277,"Butter","convenience","Svenskt smör"
"202","ethat","-0.967729344027704","0.076883808458821",-12.5869069629403,"Butter","convenience","Svenskt smör"
"203","holiday","0.0266630626439349","0.10707024837319",0.249024010395508,"Butter","convenience","Svenskt smör"
"204","cop_price","-0.0898434857343098","0.100283296666132",-0.895896811544011,"Butter","convenience","Svenskt smör"
"205","cop_compprice","-0.00311126153084851","0.0881115867239183",-0.0353104698999132,"Butter","convenience","Svenskt smör"
"206","model_SE","0.2490878891308","0.0285713242440849",8.71810795337456,"Butter","convenience","Svenskt smör"
"207","constant","-0.0642948249081528","0.0554191685301295",-1.16015498993273,"Chips & Salty snacks","convenience","Estrella"
"208","price_elas","-0.962589454185533","0.394566103115625",-2.43961517876119,"Chips & Salty snacks","convenience","Estrella"
"209","compprice","0.17571412175326","0.390912748522772",0.449497035891691,"Chips & Salty snacks","convenience","Estrella"
"210","campaign","0.0822673964642277","0.0634067407196055",1.29745505809906,"Chips & Salty snacks","convenience","Estrella"
"211","ethat","-0.64781943726505","0.0857653209412108",-7.55339605980263,"Chips & Salty snacks","convenience","Estrella"
"212","holiday","0.115285063441744","0.0758087264539431",1.52073605288415,"Chips & Salty snacks","convenience","Estrella"
"213","cop_price","-0.0978245675063043","0.0455863735770146",-2.1459168569537,"Chips & Salty snacks","convenience","Estrella"
"214","cop_compprice","0.0010683329914028","0.042474174646997",0.0251525309268919,"Chips & Salty snacks","convenience","Estrella"
"215","constant","-0.0596555865456972","0.102079344799317",-0.58440408941669,"Chips & Salty snacks","supermarket","ICA"
"216","price_elas","-0.906489938578095","0.203724799171471",-4.44958071999433,"Chips & Salty snacks","supermarket","ICA"
"217","compprice","-0.0495950845646276","0.551708100472122",-0.0898937037940657,"Chips & Salty snacks","supermarket","ICA"
"218","campaign","0.0359654527965877","0.103844819832837",0.346338438975412,"Chips & Salty snacks","supermarket","ICA"
"219","ethat","-0.924550795910218","0.0914613245721651",-10.1086530315962,"Chips & Salty snacks","supermarket","ICA"
"220","holiday","0.10076368401472","0.0543515965024815",1.85392316875401,"Chips & Salty snacks","supermarket","ICA"
"221","cop_price","0.00456132276259056","0.0215067433335851",0.212088027082537,"Chips & Salty snacks","supermarket","ICA"
"222","cop_compprice","0.0156711045396442","0.0388521273604632",0.403352547320008,"Chips & Salty snacks","supermarket","ICA"
"223","constant","-0.0890345072312101","0.0570470822342933",-1.56071973787448,"Chips & Salty snacks","convenience","ICA"
"224","price_elas","-0.819262836036916","0.263405059640635",-3.11027752145172,"Chips & Salty snacks","convenience","ICA"
"225","compprice","0.390990811013612","0.472531791014046",0.827438107761071,"Chips & Salty snacks","convenience","ICA"
"226","campaign","0.127298592415687","0.0676625725793391",1.88137381661657,"Chips & Salty snacks","convenience","ICA"
"227","ethat","-0.780673000198568","0.0832837974914082",-9.37364798091855,"Chips & Salty snacks","convenience","ICA"
"228","holiday","0.0605143428971338","0.081240974853761",0.744874652305238,"Chips & Salty snacks","convenience","ICA"
"229","cop_price","0.0228280637097073","0.0429832045069987",0.531092643546163,"Chips & Salty snacks","convenience","ICA"
"230","cop_compprice","-0.0188758658909894","0.0470462254130358",-0.401219560661272,"Chips & Salty snacks","convenience","ICA"
"231","constant","0.0918667975818059","0.104272122808308",0.881029321237587,"Chips & Salty snacks","hypermarket","ICA Basic"
"232","price_elas","0.471143205194244","0.596497711028993",0.789849141887728,"Chips & Salty snacks","hypermarket","ICA Basic"
"233","hgap_gain_slope","0.418796677732849","0.474214375070342",0.883137879721017,"Chips & Salty snacks","hypermarket","ICA Basic"
"234","hgap_gain_threshold","-0.302463210254571","0.0372535221997454",-8.11905002251406,"Chips & Salty snacks","hypermarket","ICA Basic"
"235","hgap_loss_slope","-0.0562858328020675","0.53565930464111",-0.105077672159133,"Chips & Salty snacks","hypermarket","ICA Basic"
"236","hgap_loss_threshold","-0.38166277887512","0.288378583105868",-1.32347823740782,"Chips & Salty snacks","hypermarket","ICA Basic"
"237","compprice","-0.484317667657051","0.330612934798851",-1.46490840702199,"Chips & Salty snacks","hypermarket","ICA Basic"
"238","campaign","0.113404640101634","0.0569316615489548",1.99194327051423,"Chips & Salty snacks","hypermarket","ICA Basic"
"239","ethat","-0.978613362875557","0.0772648079425658",-12.6657062760449,"Chips & Salty snacks","hypermarket","ICA Basic"
"240","holiday","0.058881978990047","0.0695836997934856",0.846203624768448,"Chips & Salty snacks","hypermarket","ICA Basic"
"241","cop_price","-0.082786301036107","0.058521739174044",-1.41462475662078,"Chips & Salty snacks","hypermarket","ICA Basic"
"242","cop_compprice","0.094328902438025","0.0431751761803759",2.18479484701905,"Chips & Salty snacks","hypermarket","ICA Basic"
"243","model_SE","0.111515964779715","0.0127893548532408",8.71943628583087,"Chips & Salty snacks","hypermarket","ICA Basic"
"244","constant","-0.0647010266504839","0.167042080454964",-0.387333697438759,"Chips & Salty snacks","supermarket","Olw"
"245","price_elas","-1.47768532660924","0.312926510783813",-4.72214809447739,"Chips & Salty snacks","supermarket","Olw"
"246","compprice","0.0351742730547257","0.393581424580859",0.0893697488192799,"Chips & Salty snacks","supermarket","Olw"
"247","campaign","0.0317683592247664","0.168563821407738",0.188464873182497,"Chips & Salty snacks","supermarket","Olw"
"248","ethat","-0.902783872369877","0.109330806275336",-8.25736041949904,"Chips & Salty snacks","supermarket","Olw"
"249","holiday","0.117181380949068","0.0476940928384132",2.45693699104576,"Chips & Salty snacks","supermarket","Olw"
"250","cop_price","0.0607832093526361","0.0303314008954063",2.00396973295888,"Chips & Salty snacks","supermarket","Olw"
"251","cop_compprice","0.0368204941374595","0.0239276773607775",1.53882441585476,"Chips & Salty snacks","supermarket","Olw"
"252","constant","-0.312206537642929","0.0798036571598972",-3.91218333537499,"Chips & Salty snacks","convenience","Olw"
"253","price_elas","-1.38638511851417","0.191633664805324",-7.23455933446018,"Chips & Salty snacks","convenience","Olw"
"254","compprice","0.166572052928432","0.291976379285558",0.570498385300962,"Chips & Salty snacks","convenience","Olw"
"255","campaign","0.401934543394056","0.0866398092736111",4.63914390813967,"Chips & Salty snacks","convenience","Olw"
"256","ethat","-0.856606281599273","0.0905594772960152",-9.45904622217785,"Chips & Salty snacks","convenience","Olw"
"257","holiday","0.0737209539917658","0.0470897092591835",1.56554277254087,"Chips & Salty snacks","convenience","Olw"
"258","cop_price","0.0670676475569195","0.0276301768951551",2.42733326722493,"Chips & Salty snacks","convenience","Olw"
"259","cop_compprice","-0.0853741053252347","0.0278854899225138",-3.06159603300735,"Chips & Salty snacks","convenience","Olw"
"260","constant","-0.0522384840377302","0.0545465394953246",-0.957686491591419,"Chips & Salty snacks","hypermarket","Pringles"
"261","price_elas","-1.41611463956654","0.52986952727363",-2.67257233465182,"Chips & Salty snacks","hypermarket","Pringles"
"262","compprice","-0.0328213701608992","0.29306178553041",-0.111994711632211,"Chips & Salty snacks","hypermarket","Pringles"
"263","campaign","0.0680550652987117","0.0597084942256277",1.13978867129933,"Chips & Salty snacks","hypermarket","Pringles"
"264","ethat","-0.684373737478786","0.0814204443512903",-8.40542867250933,"Chips & Salty snacks","hypermarket","Pringles"
"265","holiday","-0.0170325322774633","0.0643089541552564",-0.264854754694702,"Chips & Salty snacks","hypermarket","Pringles"
"266","cop_price","-0.0169782741619322","0.0767677202476016",-0.221164235529876,"Chips & Salty snacks","hypermarket","Pringles"
"267","cop_compprice","0.0555851934777423","0.0326638776672013",1.70173284519605,"Chips & Salty snacks","hypermarket","Pringles"
"268","constant","-0.0772654593383295","0.0461890257539536",-1.67280989536169,"Chips & Salty snacks","supermarket","Pringles"
"269","price_elas","-1.43954947824199","0.735242558295529",-1.95792458148671,"Chips & Salty snacks","supermarket","Pringles"
"270","compprice","-1.20646877558452","0.795042067916295",-1.51749048795182,"Chips & Salty snacks","supermarket","Pringles"
"271","campaign","0.128861887026173","0.0663276584718543",1.94280772147044,"Chips & Salty snacks","supermarket","Pringles"
"272","ethat","-0.816419713752381","0.0968570991863277",-8.42911588939705,"Chips & Salty snacks","supermarket","Pringles"
"273","holiday","0.00749032680975767","0.0819872153642093",0.0913596928067824,"Chips & Salty snacks","supermarket","Pringles"
"274","cop_price","-0.0564629843245133","0.0605682786795948",-0.932220389210688,"Chips & Salty snacks","supermarket","Pringles"
"275","cop_compprice","0.0586243556009045","0.0524286348638576",1.11817436698734,"Chips & Salty snacks","supermarket","Pringles"
"276","constant","-0.206405646786571","0.0955019188287823",-2.1612722479076,"Chips & Salty snacks","hypermarket","LantChips"
"277","price_elas","-4.36660054690967","0.60506846665856",-7.21670486486241,"Chips & Salty snacks","hypermarket","LantChips"
"278","compprice","0.554194053993009","0.496012842490743",1.11729779255333,"Chips & Salty snacks","hypermarket","LantChips"
"279","campaign","0.186141517282206","0.0931468334820278",1.99836656087854,"Chips & Salty snacks","hypermarket","LantChips"
"280","ethat","-0.788368212112457","0.0875335615122706",-9.00646790205083,"Chips & Salty snacks","hypermarket","LantChips"
"281","holiday","0.161540355451545","0.103525886073143",1.56038611770407,"Chips & Salty snacks","hypermarket","LantChips"
"282","cop_price","0.143736792152607","0.104171214602122",1.37981296178224,"Chips & Salty snacks","hypermarket","LantChips"
"283","cop_compprice","-0.0474438261335436","0.0563064707305069",-0.842599891593605,"Chips & Salty snacks","hypermarket","LantChips"
"284","constant","-0.180050353682319","0.0936090230775121",-1.92342947039657,"Chocolate","hypermarket","Fazer"
"285","price_elas","-2.98531361321013","0.236135109960136",-12.6423961846,"Chocolate","hypermarket","Fazer"
"286","compprice","0.647666517385965","0.251046067954042",2.57987118724572,"Chocolate","hypermarket","Fazer"
"287","campaign","0.17904600930192","0.100818888109049",1.77591731728144,"Chocolate","hypermarket","Fazer"
"288","ethat","-0.695186288579518","0.0781067656047067",-8.90046186392881,"Chocolate","hypermarket","Fazer"
"289","holiday","0.0931117654205919","0.063181956589434",1.47370816680538,"Chocolate","hypermarket","Fazer"
"290","cop_price","-0.00077644173682999","0.0494635021767542",-0.0156972657143328,"Chocolate","hypermarket","Fazer"
"291","cop_compprice","-0.0346501212539408","0.0401855615612114",-0.862253005999707,"Chocolate","hypermarket","Fazer"
"292","constant","-0.282034614762529","0.0816588041350123",-3.45381759811497,"Chocolate","supermarket","Fazer"
"293","price_elas","-2.11958415791993","0.247354001998696",-8.5690311892795,"Chocolate","supermarket","Fazer"
"294","compprice","0.65674307241268","0.293521593371989",2.23746084527542,"Chocolate","supermarket","Fazer"
"295","campaign","0.330071353548493","0.0892871290261411",3.69674058454557,"Chocolate","supermarket","Fazer"
"296","ethat","-0.757936691936031","0.076533436557206",-9.90334063164014,"Chocolate","supermarket","Fazer"
"297","holiday","-0.112142503538037","0.0650299636159581",-1.72447433924933,"Chocolate","supermarket","Fazer"
"298","cop_price","-0.0118296553530599","0.0494163086946561",-0.239387677176688,"Chocolate","supermarket","Fazer"
"299","cop_compprice","-0.034239995275818","0.0405559723456373",-0.844265179589543,"Chocolate","supermarket","Fazer"
"300","constant","-0.434904957266778","0.239612259575977",-1.81503633426935,"Chocolate","supermarket","Marabou"
"301","price_elas","-3.62763554522454","1.17064809421798",-3.09882667826652,"Chocolate","supermarket","Marabou"
"302","hgap_gain_slope","1.93649099895777","1.02073924436273",1.89714563210192,"Chocolate","supermarket","Marabou"
"303","hgap_gain_threshold","-0.138585010031966","0.0213483250475843",-6.49161045295438,"Chocolate","supermarket","Marabou"
"304","hgap_loss_slope","2.25856376697424","1.15098759577046",1.96228332544486,"Chocolate","supermarket","Marabou"
"305","hgap_loss_threshold","-0.0775877220507554","0.0189382469462515",-4.09687983639439,"Chocolate","supermarket","Marabou"
"306","cgap_gain_slope","-1.59410104493827","0.524913902507144",-3.03688097671708,"Chocolate","supermarket","Marabou"
"307","cgap_gain_threshold","-0.186117748547456","0.0133743789925234",-13.9159918117694,"Chocolate","supermarket","Marabou"
"308","cgap_loss_slope","2.83946967669963","1.37140057539827",2.07048890574879,"Chocolate","supermarket","Marabou"
"309","cgap_loss_threshold","-0.0150146036780775","0.026622551295186",-0.563980646016917,"Chocolate","supermarket","Marabou"
"310","campaign","0.400701761734608","0.238144536718328",1.68259901006484,"Chocolate","supermarket","Marabou"
"311","ethat","-0.636300597318268","0.0702046311887206",-9.06351314071854,"Chocolate","supermarket","Marabou"
"312","holiday","-0.155844371383304","0.0513472738983836",-3.03510507084992,"Chocolate","supermarket","Marabou"
"313","cop_price","0.0532655244044733","0.0444143031867776",1.19928762994374,"Chocolate","supermarket","Marabou"
"314","cop_compprice","0.0315332853768111","0.0212851287477668",1.48147026736305,"Chocolate","supermarket","Marabou"
"315","model_SE","0.053115421286353","0.00608664309159578",8.72655427417666,"Chocolate","supermarket","Marabou"
"316","constant","-0.168796837827294","0.0861606463901278",-1.95909437660201,"Chocolate","convenience","Marabou"
"317","price_elas","-3.07030534262161","0.288747882463831",-10.6331700735717,"Chocolate","convenience","Marabou"
"318","compprice","-0.18195468118076","0.348072929951901",-0.522748727417279,"Chocolate","convenience","Marabou"
"319","campaign","0.263296903087608","0.0894486488308856",2.94355372081031,"Chocolate","convenience","Marabou"
"320","ethat","-0.63448632120042","0.0746055940017369",-8.504540841611,"Chocolate","convenience","Marabou"
"321","holiday","-0.093231613694018","0.070686705740531",-1.3189412735719,"Chocolate","convenience","Marabou"
"322","cop_price","0.120336483267232","0.0492032726717261",2.44570079860524,"Chocolate","convenience","Marabou"
"323","cop_compprice","0.0482995141589072","0.0350271356809813",1.37891703731665,"Chocolate","convenience","Marabou"
"324","constant","-0.202926488120879","0.0921207259707854",-2.20283205524492,"Chocolate","hypermarket","Cloetta"
"325","price_elas","-2.93476902016491","0.455074715885402",-6.44898281033911,"Chocolate","hypermarket","Cloetta"
"326","hgap_gain_slope","-13.0926193529083","NaN",NA,"Chocolate","hypermarket","Cloetta"
"327","hgap_gain_threshold","-0.446848895106875","NaN",NA,"Chocolate","hypermarket","Cloetta"
"328","hgap_loss_slope","-0.578406566755189","0.704562921947076",-0.820943806064544,"Chocolate","hypermarket","Cloetta"
"329","hgap_loss_threshold","0.286328396427734","0.0835076785546257",3.42876728683621,"Chocolate","hypermarket","Cloetta"
"330","cgap_gain_slope","4.1460738726297","7.94238809036587",0.522018544732018,"Chocolate","hypermarket","Cloetta"
"331","cgap_gain_threshold","-0.423288019625018","0.16719713014587",-2.53167036572771,"Chocolate","hypermarket","Cloetta"
"332","cgap_loss_slope","6.91486280780769","1.97163888759169",3.50716495364627,"Chocolate","hypermarket","Cloetta"
"333","cgap_loss_threshold","0.103783232398953","0.0173177211731014",5.99289198397266,"Chocolate","hypermarket","Cloetta"
"334","campaign","0.249583932833852","0.0918027246183501",2.71869853396447,"Chocolate","hypermarket","Cloetta"
"335","ethat","-0.612041118900255","0.0696843494276642",-8.7830499090127,"Chocolate","hypermarket","Cloetta"
"336","holiday","0.169993823743503","0.0696273293701996",2.44148131604571,"Chocolate","hypermarket","Cloetta"
"337","cop_price","0.106603308279678","0.0715956058386757",1.48896439985275,"Chocolate","hypermarket","Cloetta"
"338","cop_compprice","0.0335626758487172","0.0356197412016598",0.942249289760512,"Chocolate","hypermarket","Cloetta"
"339","model_SE","0.105166009247885","0.0120632361666129",8.71789358969446,"Chocolate","hypermarket","Cloetta"
"340","constant","-0.198917141143276","0.0688753087588905",-2.88807621668338,"Chocolate","supermarket","Cloetta"
"341","price_elas","-2.35440733186955","0.311074254590745",-7.56863448878806,"Chocolate","supermarket","Cloetta"
"342","compprice","0.0733841451072034","0.326723982024002",0.224605933891355,"Chocolate","supermarket","Cloetta"
"343","campaign","0.298561936311545","0.0750125730124136",3.98015858304363,"Chocolate","supermarket","Cloetta"
"344","ethat","-0.725710690982023","0.0760156227207889",-9.54686240810804,"Chocolate","supermarket","Cloetta"
"345","holiday","0.100367204777289","0.0711858769196325",1.40993142348449,"Chocolate","supermarket","Cloetta"
"346","cop_price","0.104771451570349","0.0637494449004141",1.64348806070417,"Chocolate","supermarket","Cloetta"
"347","cop_compprice","0.0735932981036203","0.0445586954749769",1.65160351574809,"Chocolate","supermarket","Cloetta"
"348","constant","-0.108513736244618","0.0666312851809331",-1.62857036225484,"Chocolate","convenience","Cloetta"
"349","price_elas","-1.24437285637719","0.380949009416673",-3.26650765750154,"Chocolate","convenience","Cloetta"
"350","compprice","0.246565186752003","0.533163895642612",0.462456645633934,"Chocolate","convenience","Cloetta"
"351","campaign","0.281466424097007","0.112200051773583",2.5086122479248,"Chocolate","convenience","Cloetta"
"352","ethat","-0.87017749141503","0.0839934853155678",-10.3600593325271,"Chocolate","convenience","Cloetta"
"353","holiday","-0.0125694627646343","0.116141090932738",-0.108225802458785,"Chocolate","convenience","Cloetta"
"354","cop_price","0.0331017758787758","0.0543415379213299",0.609143155401622,"Chocolate","convenience","Cloetta"
"355","cop_compprice","-0.0923600113460865","0.0662256071248129",-1.39462687253314,"Chocolate","convenience","Cloetta"
"356","constant","-0.0347175723825712","0.108641099477078",-0.319562049258312,"Chocolate","supermarket","Oboy"
"357","price_elas","0.941120474400294","0.394194309559024",2.38745322187198,"Chocolate","supermarket","Oboy"
"358","hgap_gain_slope","-0.902717191701452","NaN",NA,"Chocolate","supermarket","Oboy"
"359","hgap_gain_threshold","-0.419811059447282","0.00221754302530354",-189.313602783341,"Chocolate","supermarket","Oboy"
"360","hgap_loss_slope","1.83581941771257","25.2436792439096",0.0727239242732609,"Chocolate","supermarket","Oboy"
"361","hgap_loss_threshold","0.274773487840683","0.144986109759956",1.8951711187755,"Chocolate","supermarket","Oboy"
"362","compprice","0.0412962673922896","0.361127869170256",0.114353587517834,"Chocolate","supermarket","Oboy"
"363","campaign","0.225411046101345","0.0678916948133919",3.32015641561038,"Chocolate","supermarket","Oboy"
"364","ethat","-0.686240794791106","0.0737556146837647",-9.30425158455311,"Chocolate","supermarket","Oboy"
"365","holiday","0.0608667408857267","0.0802200403970819",0.758747322794178,"Chocolate","supermarket","Oboy"
"366","cop_price","-0.118552673266736","0.068429173029172",-1.73248730064582,"Chocolate","supermarket","Oboy"
"367","cop_compprice","-0.0711199151360588","0.0536875680785626",-1.32469988269886,"Chocolate","supermarket","Oboy"
"368","model_SE","0.144313190147387","0.0165520664840183",8.71874157143625,"Chocolate","supermarket","Oboy"
"369","constant","-0.0980119341203922","0.0917791550670782",-1.06791061705415,"Chocolate","hypermarket","Lindt"
"370","price_elas","-3.958438855602","0.187101081767238",-21.156686098301,"Chocolate","hypermarket","Lindt"
"371","compprice","0.179696738033047","0.212378131800017",0.846116954274068,"Chocolate","hypermarket","Lindt"
"372","campaign","0.0504693135465045","0.0872911922314193",0.578171889469723,"Chocolate","hypermarket","Lindt"
"373","ethat","-0.529958860981692","0.0685003890809852",-7.73658176386624,"Chocolate","hypermarket","Lindt"
"374","holiday","0.0214337551370099","0.0539178153083592",0.397526402255525,"Chocolate","hypermarket","Lindt"
"375","cop_price","0.142930372182744","0.0578219482660545",2.47190515831605,"Chocolate","hypermarket","Lindt"
"376","cop_compprice","0.0327212334823327","0.0345319782270485",0.947563248974324,"Chocolate","hypermarket","Lindt"
"377","constant","0.175063179412764","0.0912764526733439",1.91794459891285,"Yogurt","supermarket","ICA"
"378","price_elas","-2.39091785179276","0.378740742111732",-6.31280869985574,"Yogurt","supermarket","ICA"
"379","compprice","1.32071442766477","0.973871950306369",1.35614792812267,"Yogurt","supermarket","ICA"
"380","campaign","-0.00830049614692358","0.0732662334338091",-0.113292246071616,"Yogurt","supermarket","ICA"
"381","ethat","-0.634043732219944","0.076448905899709",-8.29369269262959,"Yogurt","supermarket","ICA"
"382","holiday","-0.0518012050629518","0.057610695661423",-0.899159513146422,"Yogurt","supermarket","ICA"
"383","cop_price","0.131063694294454","0.0525249144207214",2.49526716492371,"Yogurt","supermarket","ICA"
"384","cop_compprice","-0.0201838891972965","0.0430156769076955",-0.469221703533988,"Yogurt","supermarket","ICA"
"385","constant","0.0534966888850853","0.0546715226571005",0.978511047160992,"Yogurt","convenience","ICA"
"386","price_elas","-3.00419496426618","0.411605235031838",-7.29872875410295,"Yogurt","convenience","ICA"
"387","compprice","0.675845288104738","0.721334067649887",0.936937985345193,"Yogurt","convenience","ICA"
"388","campaign","0.108323976089363","0.053309553815019",2.03198054264796,"Yogurt","convenience","ICA"
"389","ethat","-0.818492851576323","0.0805371350247172",-10.1629248585156,"Yogurt","convenience","ICA"
"390","holiday","-0.0423489062526237","0.0596951139907064",-0.70941997462668,"Yogurt","convenience","ICA"
"391","cop_price","0.131862894721157","0.0537036472708774",2.45538061979385,"Yogurt","convenience","ICA"
"392","cop_compprice","0.068214984104145","0.0514800650618039",1.3250757166342,"Yogurt","convenience","ICA"
"393","constant","-0.142096515425397","0.133205371300675",-1.06674763966276,"Yogurt","hypermarket","Valio"
"394","price_elas","-4.35107188847595","0.511154168329444",-8.51224964612171,"Yogurt","hypermarket","Valio"
"395","hgap_gain_slope","1.2038927721622","0.476765433111516",2.52512596038104,"Yogurt","hypermarket","Valio"
"396","hgap_gain_threshold","-0.303461986710803","0.0226275696231861",-13.4111613294894,"Yogurt","hypermarket","Valio"
"397","hgap_loss_slope","1.25049306850026","0.549105147043053",2.27732898741562,"Yogurt","hypermarket","Valio"
"398","hgap_loss_threshold","0.111552742958091","0.0377604325317846",2.95422312401195,"Yogurt","hypermarket","Valio"
"399","compprice","-0.216134165567463","0.574665817131612",-0.376104092368458,"Yogurt","hypermarket","Valio"
"400","campaign","0.162163729361486","0.12799262465971",1.26697713866424,"Yogurt","hypermarket","Valio"
"401","ethat","-0.757590939484229","0.0870134616177717",-8.70659465097637,"Yogurt","hypermarket","Valio"
"402","holiday","0.0400262307345679","0.0450179358649434",0.889117414326794,"Yogurt","hypermarket","Valio"
"403","cop_price","0.0837369670779045","0.101752517266778",0.822947375919558,"Yogurt","hypermarket","Valio"
"404","cop_compprice","0.0291064830282043","0.0297383823340937",0.978751389406782,"Yogurt","hypermarket","Valio"
"405","model_SE","0.0464617517867229","0.00532339593667142",8.7278407128541,"Yogurt","hypermarket","Valio"
"406","constant","0.0583616049327831","0.0851386062557013",0.685489315593241,"Yogurt","supermarket","Valio"
"407","price_elas","-6.38105676107436","0.638499726122538",-9.99382850142325,"Yogurt","supermarket","Valio"
"408","hgap_gain_slope","-0.132461991515922","1.79815682382737",-0.073665427709457,"Yogurt","supermarket","Valio"
"409","hgap_gain_threshold","-0.239799379177248","0.121134313479927",-1.97961562077937,"Yogurt","supermarket","Valio"
"410","hgap_loss_slope","1.4179847007887","0.723383144525193",1.96021252571405,"Yogurt","supermarket","Valio"
"411","hgap_loss_threshold","0.13750868598322","0.0211901980042756",6.48925913554345,"Yogurt","supermarket","Valio"
"412","cgap_gain_slope","2.28954743804586","1.62152149417781",1.41197476953999,"Yogurt","supermarket","Valio"
"413","cgap_gain_threshold","-0.185326907471185","0.01990022878404",-9.31280285681024,"Yogurt","supermarket","Valio"
"414","cgap_loss_slope","1.92900777731553","0.872414276534924",2.21111440883018,"Yogurt","supermarket","Valio"
"415","cgap_loss_threshold","0.0603194451513145","0.0148782054702064",4.05421509147082,"Yogurt","supermarket","Valio"
"416","campaign","0.0317454819950605","0.0810952966940165",0.391458978377507,"Yogurt","supermarket","Valio"
"417","ethat","-0.891873871149483","0.0745165343448192",-11.9688050308729,"Yogurt","supermarket","Valio"
"418","holiday","-0.139136907502559","0.0519049717056366",-2.68060848374279,"Yogurt","supermarket","Valio"
"419","cop_price","0.43493399950062","0.14924728676378",2.91418362726425,"Yogurt","supermarket","Valio"
"420","cop_compprice","0.0747302350164772","0.0252286183303559",2.96212158897974,"Yogurt","supermarket","Valio"
"421","model_SE","0.05570990487781","0.00638461552305749",8.72564756274179,"Yogurt","supermarket","Valio"
"422","constant","-0.144889801873464","0.0813890199029396",-1.7802131300543,"Yogurt","convenience","Valio"
"423","price_elas","-1.76133591983345","0.439221244059753",-4.01013371656001,"Yogurt","convenience","Valio"
"424","compprice","-0.209979180694372","0.978111196124021",-0.214678230375504,"Yogurt","convenience","Valio"
"425","campaign","0.190063923536638","0.0720489437875794",2.6379834810209,"Yogurt","convenience","Valio"
"426","ethat","-0.689887722408329","0.0822148092508254",-8.3912828928859,"Yogurt","convenience","Valio"
"427","holiday","-0.0398749971998199","0.0821661443641019",-0.485297168419176,"Yogurt","convenience","Valio"
"428","cop_price","0.0776935109561244","0.119415730516027",0.650613705752083,"Yogurt","convenience","Valio"
"429","cop_compprice","-0.0521603404090442","0.0523239017530031",-0.996874060639992,"Yogurt","convenience","Valio"
"430","constant","-0.00669788325995568","0.0912338214964708",-0.0734144766720615,"Yogurt","supermarket","Arla Ko"
"431","price_elas","-1.9210189505502","0.349868619503184",-5.49068662767773,"Yogurt","supermarket","Arla Ko"
"432","compprice","0.401063815181007","0.372003659215433",1.0781179304173,"Yogurt","supermarket","Arla Ko"
"433","campaign","-0.022133470264395","0.0716372666350077",-0.308965867963181,"Yogurt","supermarket","Arla Ko"
"434","ethat","-0.525389688665605","0.085246802537222",-6.16316006029903,"Yogurt","supermarket","Arla Ko"
"435","holiday","0.0275156592472565","0.0295762428776455",0.930329770454163,"Yogurt","supermarket","Arla Ko"
"436","cop_price","0.0471836355509446","0.0420274268139065",1.12268675786099,"Yogurt","supermarket","Arla Ko"
"437","cop_compprice","0.0405218604510944","0.025774916334882",1.57214323897746,"Yogurt","supermarket","Arla Ko"
"438","constant","-0.0298958942063785","0.0592347327197438",-0.504702103541589,"Yogurt","convenience","Arla Ko"
"439","price_elas","-2.77787267414587","0.411218009666804",-6.75523106684137,"Yogurt","convenience","Arla Ko"
"440","compprice","0.398949711306888","0.394149354922751",1.01217902889903,"Yogurt","convenience","Arla Ko"
"441","campaign","-0.0401787508409263","0.035265251330308",-1.1393297743605,"Yogurt","convenience","Arla Ko"
"442","ethat","-0.63008393993114","0.0751260361577778",-8.38702495374378,"Yogurt","convenience","Arla Ko"
"443","holiday","-0.0684722356964111","0.0394617449436525",-1.73515478836992,"Yogurt","convenience","Arla Ko"
"444","cop_price","-0.00787321039331227","0.0429104570063105",-0.183479993982689,"Yogurt","convenience","Arla Ko"
"445","cop_compprice","0.0476876424830545","0.0324097674026028",1.4713972454867,"Yogurt","convenience","Arla Ko"
"446","constant","0.00321469371237988","0.166033116645443",0.0193617621431797,"Yogurt","hypermarket","Yoggi"
"447","price_elas","-4.18502455217556","NaN",NA,"Yogurt","hypermarket","Yoggi"
"448","hgap_gain_slope","1.26580442950112","NaN",NA,"Yogurt","hypermarket","Yoggi"
"449","hgap_gain_threshold","-0.229999054307261","0.0213698967306911",-10.7627592779585,"Yogurt","hypermarket","Yoggi"
"450","hgap_loss_slope","1.11812198788667","NaN",NA,"Yogurt","hypermarket","Yoggi"
"451","hgap_loss_threshold","0.147157847423808","NaN",NA,"Yogurt","hypermarket","Yoggi"
"452","compprice","-0.0846240928245916","0.467800073351953",-0.180897989643802,"Yogurt","hypermarket","Yoggi"
"453","campaign","0.0167761902559015","0.156208518093602",0.107396129613425,"Yogurt","hypermarket","Yoggi"
"454","ethat","-0.990939356675514","NaN",NA,"Yogurt","hypermarket","Yoggi"
"455","holiday","0.0342741326438778","0.0347049818791446",0.9875853778928,"Yogurt","hypermarket","Yoggi"
"456","cop_price","0.0530423304997025","NaN",NA,"Yogurt","hypermarket","Yoggi"
"457","cop_compprice","0.0552779269062672","NaN",NA,"Yogurt","hypermarket","Yoggi"
"458","model_SE","0.0270782093144208","0.00309618616299067",8.74566576070006,"Yogurt","hypermarket","Yoggi"
"459","constant","-0.146631022383629","0.0805302270579452",-1.82081968151066,"Yogurt","supermarket","Yoggi"
"460","price_elas","-5.14222451018326","0.455213598302854",-11.2962893229787,"Yogurt","supermarket","Yoggi"
"461","hgap_gain_slope","-0.514113553930271","NaN",NA,"Yogurt","supermarket","Yoggi"
"462","hgap_gain_threshold","-0.386025112747375","NaN",NA,"Yogurt","supermarket","Yoggi"
"463","hgap_loss_slope","2.19588858567102","0.584062346250622",3.75968182124304,"Yogurt","supermarket","Yoggi"
"464","hgap_loss_threshold","0.0899850843531499","0.0145454366879294",6.18648214445321,"Yogurt","supermarket","Yoggi"
"465","compprice","-0.149112760948135","0.730910171706083",-0.20400969465246,"Yogurt","supermarket","Yoggi"
"466","campaign","0.0884959103068833","0.0749803456418361",1.18025476609041,"Yogurt","supermarket","Yoggi"
"467","ethat","-0.809684509955322","0.0806999751803768",-10.0332683888137,"Yogurt","supermarket","Yoggi"
"468","holiday","0.0182524331106581","0.0417566732902363",0.437114158587101,"Yogurt","supermarket","Yoggi"
"469","cop_price","0.271699314722258","0.0809825730594196",3.35503435440244,"Yogurt","supermarket","Yoggi"
"470","cop_compprice","0.0527551036538076","0.028174241364001",1.87245871050194,"Yogurt","supermarket","Yoggi"
"471","model_SE","0.0385722855904835","0.00441747345895739",8.73175265202098,"Yogurt","supermarket","Yoggi"
"472","constant","-0.16659188021469","0.0717023434091884",-2.3233812493964,"Yogurt","convenience","Yoggi"
"473","price_elas","-0.636493136292269","0.784262716514492",-0.811581531149463,"Yogurt","convenience","Yoggi"
"474","hgap_gain_slope","-2.95375375057714","1.60538840352683",-1.8398997676127,"Yogurt","convenience","Yoggi"
"475","hgap_gain_threshold","-0.13459278954723","0.0294181318346896",-4.57516440212969,"Yogurt","convenience","Yoggi"
"476","hgap_loss_slope","-4.67616031205773","1.92794883494201",-2.42545871929137,"Yogurt","convenience","Yoggi"
"477","hgap_loss_threshold","0.209853144502423","0.0472199141034211",4.44416616351318,"Yogurt","convenience","Yoggi"
"478","compprice","0.717659177789679","1.08559176995691",0.661076472436932,"Yogurt","convenience","Yoggi"
"479","campaign","0.278276647469844","0.0719911125221148",3.8654305749805,"Yogurt","convenience","Yoggi"
"480","ethat","-0.781838301215697","0.0768213158510919",-10.1773614855959,"Yogurt","convenience","Yoggi"
"481","holiday","-0.0458190404900412","0.0844523460688891",-0.542543133765235,"Yogurt","convenience","Yoggi"
"482","cop_price","0.140043535462561","0.179425173269495",0.780512192969806,"Yogurt","convenience","Yoggi"
"483","cop_compprice","-0.0144589188204131","0.0568020509111635",-0.254549238777071,"Yogurt","convenience","Yoggi"
"484","model_SE","0.16736773564732","0.0191967752387",8.71853389781388,"Yogurt","convenience","Yoggi"
"485","constant","0.0297686797804648","0.109682171063859",0.271408557030959,"Yogurt","hypermarket","Verum"
"486","price_elas","-1.8516645984822","0.31518212666634",-5.87490356152848,"Yogurt","hypermarket","Verum"
"487","compprice","-0.41299439165479","0.471858163652903",-0.875251131521351,"Yogurt","hypermarket","Verum"
"488","campaign","-0.0346711065453763","0.100354754164018",-0.345485441464093,"Yogurt","hypermarket","Verum"
"489","ethat","-0.886094890054576","0.0845188846379414",-10.4839870266911,"Yogurt","hypermarket","Verum"
"490","holiday","-0.0142284999889759","0.0405088622468315",-0.351244127822642,"Yogurt","hypermarket","Verum"
"491","cop_price","0.0168108190020207","0.0431587097494932",0.389511621167454,"Yogurt","hypermarket","Verum"
"492","cop_compprice","0.0158255984923998","0.026690765273396",0.592924119271093,"Yogurt","hypermarket","Verum"
"493","constant","0.0924001425281542","0.115812156832697",0.797844933167388,"Yogurt","supermarket","Verum"
"494","price_elas","-2.17410918078711","0.45192295590119",-4.81079607131633,"Yogurt","supermarket","Verum"
"495","compprice","2.15272550479682","0.78620355022349",2.73812742792229,"Yogurt","supermarket","Verum"
"496","campaign","-0.166128531701979","0.0883836644646207",-1.87962937165248,"Yogurt","supermarket","Verum"
"497","ethat","-0.583802740705443","0.0790889867501495",-7.38159337594927,"Yogurt","supermarket","Verum"
"498","holiday","0.061716489078729","0.0474416507564112",1.30089252997565,"Yogurt","supermarket","Verum"
"499","cop_price","0.0286181075439303","0.0790875888838292",0.361853331828931,"Yogurt","supermarket","Verum"
"500","cop_compprice","-0.0431370402301113","0.0293938132284349",-1.46755509041547,"Yogurt","supermarket","Verum"
"501","constant","-0.138539053894625","0.155232823710079",-0.892459794156472,"Yogurt","convenience","Verum"
"502","price_elas","-1.8867068032713","0.77295926850863",-2.44088774161615,"Yogurt","convenience","Verum"
"503","compprice","0.217335935124357","1.28000882427708",0.169792528771904,"Yogurt","convenience","Verum"
"504","campaign","0.123719827773292","0.08517869824285",1.45247380302243,"Yogurt","convenience","Verum"
"505","ethat","-0.92866328019984","0.0844942653431587",-10.9908438925202,"Yogurt","convenience","Verum"
"506","holiday","-0.138254796192323","0.094870059026718",-1.45730694816356,"Yogurt","convenience","Verum"
"507","cop_price","0.0436060679136359","0.0769294168355917",0.566832165214872,"Yogurt","convenience","Verum"
"508","cop_compprice","-0.0722059018809292","0.0655370114132065",-1.10175762250854,"Yogurt","convenience","Verum"
"509","constant","-0.190431789891034","0.0951718336206357",-2.00092593203693,"Yogurt","hypermarket","Yoplait"
"510","price_elas","-1.49105087308262","0.334521766398885",-4.45726114965173,"Yogurt","hypermarket","Yoplait"
"511","compprice","1.50823371991639","0.861779842021317",1.75013808211017,"Yogurt","hypermarket","Yoplait"
"512","campaign","0.0779193203662753","0.0829736586834702",0.93908502532742,"Yogurt","hypermarket","Yoplait"
"513","ethat","-0.634340205131688","0.08007619343474",-7.92170778757932,"Yogurt","hypermarket","Yoplait"
"514","holiday","0.0173034791440081","0.0688894462287269",0.25117750383066,"Yogurt","hypermarket","Yoplait"
"515","cop_price","0.10361907773867","0.0416197806918947",2.48965938830258,"Yogurt","hypermarket","Yoplait"
"516","cop_compprice","-0.00822936705946709","0.0457033114958387",-0.18006062996587,"Yogurt","hypermarket","Yoplait"
"517","constant","-0.214344196403668","0.0857955075593075",-2.49831491766045,"Yogurt","hypermarket","Fjällfil"
"518","price_elas","-1.287828437788","0.34179929617546",-3.76779136820371,"Yogurt","hypermarket","Fjällfil"
"519","compprice","-0.550357661258562","1.10460792541431",-0.498238016038258,"Yogurt","hypermarket","Fjällfil"
"520","campaign","0.266486448151647","0.0908344866155869",2.93375851045894,"Yogurt","hypermarket","Fjällfil"
"521","ethat","-0.845074241505082","0.0764191629423646",-11.0584074591662,"Yogurt","hypermarket","Fjällfil"
"522","holiday","0.054116068754891","0.0877423099236818",0.616761386860696,"Yogurt","hypermarket","Fjällfil"
"523","cop_price","0.0243078992835745","0.0663233848532083",0.366505710427393,"Yogurt","hypermarket","Fjällfil"
"524","cop_compprice","0.0160741773490926","0.0574877786109136",0.279610340449666,"Yogurt","hypermarket","Fjällfil"
"525","constant","-0.317959908526993","0.0782223462527249",-4.06482193080365,"Yogurt","supermarket","Fjällfil"
"526","price_elas","-1.10969943399274","0.512698176326867",-2.16443023445681,"Yogurt","supermarket","Fjällfil"
"527","hgap_gain_slope","-5.82481277674978","NaN",NA,"Yogurt","supermarket","Fjällfil"
"528","hgap_gain_threshold","-0.30329950586367","NaN",NA,"Yogurt","supermarket","Fjällfil"
"529","hgap_loss_slope","-2.32663834069845","1.55386201036534",-1.49732622663927,"Yogurt","supermarket","Fjällfil"
"530","hgap_loss_threshold","0.230205051143595","0.0460350855531702",5.00064349565963,"Yogurt","supermarket","Fjällfil"
"531","compprice","-0.716111221460264","1.47864533615985",-0.484302221734968,"Yogurt","supermarket","Fjällfil"
"532","campaign","0.454708610179594","0.0785695811087008",5.78733657177713,"Yogurt","supermarket","Fjällfil"
"533","ethat","-0.743855569501626","0.0686370166956722",-10.8375276973326,"Yogurt","supermarket","Fjällfil"
"534","holiday","-0.186310684963768","0.0844424793282964",-2.20636208749186,"Yogurt","supermarket","Fjällfil"
"535","cop_price","0.0510769796897851","0.0959627032983456",0.53225865814751,"Yogurt","supermarket","Fjällfil"
"536","cop_compprice","-0.0374573050875305","0.0608641727827591",-0.61542453261011,"Yogurt","supermarket","Fjällfil"
"537","model_SE","0.162380664916141","0.0186245613317328",8.71863030886394,"Yogurt","supermarket","Fjällfil"
"538","constant","-0.1267513376131","0.0602526762863736",-2.10366319681248,"Yogurt","hypermarket","Danonino"
"539","price_elas","-1.12847008138501","0.376281171291078",-2.99900757062347,"Yogurt","hypermarket","Danonino"
"540","hgap_gain_slope","-1.00480290625473","0.769934155965756",-1.30505043641605,"Yogurt","hypermarket","Danonino"
"541","hgap_gain_threshold","-0.266291323445914","4.89667274957549",-0.0543820951622711,"Yogurt","hypermarket","Danonino"
"542","hgap_loss_slope","-5.61163509687716","0.85016391493799",-6.60065076660713,"Yogurt","hypermarket","Danonino"
"543","hgap_loss_threshold","0.207064737846476","0.0130372718004428",15.8825205929544,"Yogurt","hypermarket","Danonino"
"544","compprice","0.142912146563722","0.663688793436538",0.215330058269829,"Yogurt","hypermarket","Danonino"
"545","campaign","0.0140083344273754","0.0435135290173045",0.321930552261219,"Yogurt","hypermarket","Danonino"
"546","ethat","-0.715206046863175","0.0789474114797355",-9.05927165258302,"Yogurt","hypermarket","Danonino"
"547","holiday","0.0771936291325656","0.0543445955160584",1.42044721097897,"Yogurt","hypermarket","Danonino"
"548","cop_price","0.0950893809957803","0.0395104635979604",2.40668856643558,"Yogurt","hypermarket","Danonino"
"549","cop_compprice","-0.016864170857284","0.0358571942119558",-0.470314848328568,"Yogurt","hypermarket","Danonino"
"550","model_SE","0.0660456014927396","0.00757191598731546",8.72244245754704,"Yogurt","hypermarket","Danonino"
"551","constant","0.200785542649386","0.151299664130572",1.32707196544804,"Yogurt","hypermarket","Skånemejerier"
"552","price_elas","-4.33297016281503","1.80012716121599",-2.40703560068951,"Yogurt","hypermarket","Skånemejerier"
"553","hgap_gain_slope","-1.09287419188593","1.70977414183861",-0.639192139559851,"Yogurt","hypermarket","Skånemejerier"
"554","hgap_gain_threshold","-0.112482238056577","0.0266798160156158",-4.21600501258107,"Yogurt","hypermarket","Skånemejerier"
"555","hgap_loss_slope","2.61860851334416","2.17468412113196",1.20413281538154,"Yogurt","hypermarket","Skånemejerier"
"556","hgap_loss_threshold","0.00640008615788547","0.0416612250494811",0.153622130657082,"Yogurt","hypermarket","Skånemejerier"
"557","compprice","0.204048500709093","1.04484250552469",0.195291155968646,"Yogurt","hypermarket","Skånemejerier"
"558","campaign","-0.109949004101031","0.150394357321351",-0.73107133844191,"Yogurt","hypermarket","Skånemejerier"
"559","ethat","-0.485234934896587","0.0682493095239437",-7.10974130406921,"Yogurt","hypermarket","Skånemejerier"
"560","holiday","-0.0830488220957648","0.0854832076303706",-0.971522061442382,"Yogurt","hypermarket","Skånemejerier"
"561","cop_price","0.373580690306052","0.206518817298894",1.80894261933221,"Yogurt","hypermarket","Skånemejerier"
"562","cop_compprice","0.0597337578084357","0.0535623612138955",1.11521890474349,"Yogurt","hypermarket","Skånemejerier"
"563","model_SE","0.154405036824995","0.0177099100835681",8.71856695468249,"Yogurt","hypermarket","Skånemejerier"
"564","constant","-0.123352142736822","0.0629751270270437",-1.95874384951777,"Yogurt","hypermarket","Gefleortens"
"565","price_elas","-0.276859997236136","0.393950676460388",-0.702778326778618,"Yogurt","hypermarket","Gefleortens"
"566","compprice","-0.682254864267725","1.4116635075681",-0.483298506060455,"Yogurt","hypermarket","Gefleortens"
"567","campaign","0.199922186328883","0.0889466749123377",2.24766340648392,"Yogurt","hypermarket","Gefleortens"
"568","ethat","-1.11869800121651","0.0816704239378737",-13.697712675858,"Yogurt","hypermarket","Gefleortens"
"569","holiday","0.1090370879176","0.11096754916858",0.982603371296889,"Yogurt","hypermarket","Gefleortens"
"570","cop_price","-0.0384652146782028","0.0852044097498908",-0.451446290058386,"Yogurt","hypermarket","Gefleortens"
"571","cop_compprice","-0.00865894588185327","0.0728858139848771",-0.118801525405889,"Yogurt","hypermarket","Gefleortens"
"572","constant","-0.0367481778743966","0.0520384736876473",-0.706173245875191,"Yogurt","hypermarket","Tiger"
"573","price_elas","-1.03150127499964","0.358590757297967",-2.87654172341794,"Yogurt","hypermarket","Tiger"
"574","compprice","-0.623024096925288","0.865511994311216",-0.719833001761111,"Yogurt","hypermarket","Tiger"
"575","campaign","0.00392132240853303","0.0562629291252943",0.069696378583498,"Yogurt","hypermarket","Tiger"
"576","ethat","-0.704202776828672","0.0866268316104592",-8.12915310114664,"Yogurt","hypermarket","Tiger"
"577","holiday","0.0785509127008348","0.0698937458599618",1.1238618238922,"Yogurt","hypermarket","Tiger"
"578","cop_price","0.0291058202024261","0.0500485110212512",0.581552170254724,"Yogurt","hypermarket","Tiger"
"579","cop_compprice","0.024928037164601","0.0454923348725952",0.547961260603877,"Yogurt","hypermarket","Tiger"
"580","constant","-0.449581835317899","0.106797007495369",-4.20968570057915,"Yogurt","supermarket","Activia"
"581","price_elas","-1.90184026420246","0.324112509542664",-5.86783974147136,"Yogurt","supermarket","Activia"
"582","compprice","-1.6357706273774","1.553647488896",-1.05285828289129,"Yogurt","supermarket","Activia"
"583","campaign","0.526271087285822","0.0864374069632853",6.08846454069773,"Yogurt","supermarket","Activia"
"584","ethat","-0.495682226833723","0.061857777309908",-8.01325635013283,"Yogurt","supermarket","Activia"
"585","holiday","0.0482174571533379","0.0895474047701339",0.538457337508675,"Yogurt","supermarket","Activia"
"586","cop_price","0.0779458859221697","0.0529299929933352",1.47262226035028,"Yogurt","supermarket","Activia"
"587","cop_compprice","0.0904487097316109","0.0626548986699584",1.44360156430959,"Yogurt","supermarket","Activia"
